rarity,base,perLevel,maxLevel
N,0.1,0.015,20
R,0.4,0.026666666666666665,30
SR,1.5,0.03333333333333333,45
SR (setup),10.5,0.23333333333333334,45
LR,5.0,0.04375,80 